{
"lengthUnit": "mil",
"remark": ["fly_line"],
"components": {
	"fields": ["COMPONENT_NO", "COMPONENT_NAME", "LAYER", "X_COORDINATE", "Y_COORDINATE", "ANGLE"],
	"rows": [
		[1, "C1", "B", 3340, 2255, 90],
		[2, "C2", "B", 3340, 2070, 270],
		[3, "LED1", "T", 1635, 1100, 90],
		[4, "LED2", "T", 515, 1090, 90],
		[5, "LED3", "B", 3240, 2175, 90],
		[6, "U3", "B", 3500, 2145, 90],
		[7, "U4", "T", 3690, 385, 180],
		[8, "PAD1", "B", 3340, 2282.56, 0],
		[9, "PAD2", "B", 3340, 2227.44, 0],
		[10, "PAD3", "B", 3340, 2042.44, 0],
		[11, "PAD4", "B", 3340, 2097.56, 0],
		[12, "PAD5", "T", 1635, 1124.53, 0],
		[13, "PAD6", "T", 1635, 1075.47, 0],
		[14, "PAD7", "T", 515, 1114.53, 0],
		[15, "PAD8", "T", 515, 1065.47, 0],
		[16, "PAD9", "B", 3412.59, 2106.61, 0],
		[17, "PAD10", "B", 3412.59, 2132.21, 0],
		[18, "PAD11", "B", 3587.41, 2106.61, 0],
		[19, "PAD12", "B", 3587.41, 2132.21, 0],
		[20, "PAD13", "B", 3587.41, 2157.8, 0],
		[21, "PAD14", "T", 2760.868, 1959.8, 0],
		[22, "PAD14", "B", 2760.868, 1959.8, 0],
		[23, "PAD15", "T", 2705.75, 1825.942, 0],
		[24, "PAD15", "B", 2705.75, 1825.942, 0],
		[25, "PAD16", "B", 3240, 2199.53, 0],
		[26, "PAD17", "B", 3240, 2150.47, 0]
	]
},
"pins": {
	"fields": ["PIN_NO", "PIN_NAME", "PIN_X", "PIN_Y", "LAYER", "PIN_TYPE", "NET_NAME", "NET_TYPE", "PAD_SHAPE", "PAD_SIZEX", "PAD_SIZEY", "HOLE_SIZE", "HOLE_LEN", "PAD_ANGLE"],
	"rows": [
		[1, "C1_1", 3340, 2227.44, "B", "SMD", "$1N3515", "", "R", 31.496, 35.433, 0, 0, 90],
		[2, "C1_2", 3340, 2282.56, "B", "SMD", "$1N3505", "", "R", 31.496, 35.433, 0, 0, 90],
		[3, "C2_1", 3340, 2097.56, "B", "SMD", "$1N2289", "", "R", 31.496, 35.433, 0, 0, 270],
		[4, "C2_2", 3340, 2042.44, "B", "SMD", "$1N2283", "", "R", 31.496, 35.433, 0, 0, 270],
		[5, "LED1_1", 1635, 1124.53, "T", "SMD", "$1N3505", "", "R", 19.685, 19.685, 0, 0, 90],
		[6, "LED1_2", 1635, 1075.47, "T", "SMD", "$1N3515", "", "R", 19.685, 19.685, 0, 0, 90],
		[7, "LED2_1", 515, 1114.53, "T", "SMD", "$1N3505", "", "R", 19.685, 19.685, 0, 0, 90],
		[8, "LED2_2", 515, 1065.47, "T", "SMD", "$1N3515", "", "R", 19.685, 19.685, 0, 0, 90],
		[9, "LED3_1", 3240, 2199.53, "B", "SMD", "$1N3505", "", "R", 19.685, 19.685, 0, 0, 90],
		[10, "LED3_2", 3240, 2150.47, "B", "SMD", "$1N3515", "", "R", 19.685, 19.685, 0, 0, 90],
		[11, "U3_1", 3412.59, 2106.61, "B", "SMD", "$1N2289", "", "O", 14.567, 53.15, 0, 0, 90],
		[12, "U3_2", 3412.59, 2132.21, "B", "SMD", "$1N3515", "", "O", 14.567, 53.15, 0, 0, 90],
		[13, "U3_3", 3412.59, 2157.8, "B", "SMD", "NET_1", "", "O", 14.567, 53.15, 0, 0, 90],
		[14, "U3_4", 3412.59, 2183.39, "B", "SMD", "NET_2", "", "O", 14.567, 53.15, 0, 0, 90],
		[15, "U3_5", 3587.4, 2183.39, "B", "SMD", "NET_3", "", "O", 14.567, 53.15, 0, 0, 90],
		[16, "U3_6", 3587.41, 2157.8, "B", "SMD", "$1N3505", "", "O", 14.567, 53.15, 0, 0, 90],
		[17, "U3_7", 3587.41, 2132.21, "B", "SMD", "$1N3505", "", "O", 14.567, 53.15, 0, 0, 90],
		[18, "U3_8", 3587.41, 2106.61, "B", "SMD", "$1N2283", "", "O", 14.567, 53.15, 0, 0, 90],
		[19, "U4_1", 2760.868, 1959.8, "T", "DIP", "$1N2289", "", "C", 23.622, 23.622, 13.7795, 13.7795, 180],
		[20, "U4_1", 2760.868, 1959.8, "B", "DIP", "$1N2289", "", "C", 23.622, 23.622, 13.7795, 13.7795, 180],
		[21, "U4_2", 2705.75, 1825.942, "T", "DIP", "$1N2283", "", "C", 23.622, 23.622, 13.7795, 13.7795, 180],
		[22, "U4_2", 2705.75, 1825.942, "B", "DIP", "$1N2283", "", "C", 23.622, 23.622, 13.7795, 13.7795, 180],
		[23, "PAD1_2", 3340, 2282.56, "B", "SMD", "$1N3505", "", "R", 31.496, 35.433, 0, 0, 90],
		[24, "PAD2_1", 3340, 2227.44, "B", "SMD", "$1N3515", "", "R", 31.496, 35.433, 0, 0, 90],
		[25, "PAD3_2", 3340, 2042.44, "B", "SMD", "$1N2283", "", "R", 31.496, 35.433, 0, 0, 270],
		[26, "PAD4_1", 3340, 2097.56, "B", "SMD", "$1N2289", "", "R", 31.496, 35.433, 0, 0, 270],
		[27, "PAD5_1", 1635, 1124.53, "T", "SMD", "$1N3505", "", "R", 19.685, 19.685, 0, 0, 90],
		[28, "PAD6_2", 1635, 1075.47, "T", "SMD", "$1N3515", "", "R", 19.685, 19.685, 0, 0, 90],
		[29, "PAD7_1", 515, 1114.53, "T", "SMD", "$1N3505", "", "R", 19.685, 19.685, 0, 0, 90],
		[30, "PAD8_2", 515, 1065.47, "T", "SMD", "$1N3515", "", "R", 19.685, 19.685, 0, 0, 90],
		[31, "PAD9_1", 3412.59, 2106.61, "B", "SMD", "$1N2289", "", "O", 14.567, 53.15, 0, 0, 90],
		[32, "PAD10_2", 3412.59, 2132.21, "B", "SMD", "$1N3515", "", "O", 14.567, 53.15, 0, 0, 90],
		[33, "PAD11_8", 3587.41, 2106.61, "B", "SMD", "$1N2283", "", "O", 14.567, 53.15, 0, 0, 90],
		[34, "PAD12_7", 3587.41, 2132.21, "B", "SMD", "$1N3505", "", "O", 14.567, 53.15, 0, 0, 90],
		[35, "PAD13_6", 3587.41, 2157.8, "B", "SMD", "$1N3505", "", "O", 14.567, 53.15, 0, 0, 90],
		[36, "PAD14_1", 2760.868, 1959.8, "T", "DIP", "$1N2289", "", "C", 23.622, 23.622, 13.7795, 13.7795, 180],
		[37, "PAD14_1", 2760.868, 1959.8, "B", "DIP", "$1N2289", "", "C", 23.622, 23.622, 13.7795, 13.7795, 180],
		[38, "PAD15_2", 2705.75, 1825.942, "T", "DIP", "$1N2283", "", "C", 23.622, 23.622, 13.7795, 13.7795, 180],
		[39, "PAD15_2", 2705.75, 1825.942, "B", "DIP", "$1N2283", "", "C", 23.622, 23.622, 13.7795, 13.7795, 180],
		[40, "PAD16_1", 3240, 2199.53, "B", "SMD", "$1N3505", "", "R", 19.685, 19.685, 0, 0, 90],
		[41, "PAD17_2", 3240, 2150.47, "B", "SMD", "$1N3515", "", "R", 19.685, 19.685, 0, 0, 90]
	]
}
}